#,Team,Season,Playoffs,PTS/G,PTS,Plays,YDS,YDS/Play,1STDWN,3DMADE,3DATT,3DPCT,MADERED,ATTRED,PCTRED,PEN, PENYARDS,TOP,TOP 2,TODIFF,DefPTS,DefPLAYS,DefYDS,DefYDS/PLAY,Def1STDWN,Def3dMADE,Def3dATT,Def3dPCT,DefMADERED,DefATTRED,DefPCTRED,DefPEN,DefPENYDS,DefTOP
1,49ers,2011,Y,23.8,380,993,4974,5,282,65,221,29.4,22,54,40.7,113,1014,32:08:00,32:08,28,229,974,4933,5.1,267,76,216,35.2,14,34,41.2,98,867,28:03:00
2,49ers,2012,Y,24.8,397,969,5789,6,322,68,194,35.1,28,55,50.9,109,960,32:46:00,32:46,9,273,1012,4710,4.7,284,71,215,33,22,36,61.1,93,758,30:05:00
3,49ers,2013,Y,25.4,406,961,5180,5.4,286,77,211,36.5,31,55,56.4,103,845,31:34:00,31:34,12,272,1020,5071,5,284,76,223,34.1,22,41,53.7,96,878,29:26:00
4,49ers,2014,N,19.1,306,1010,5238,5.2,303,86,214,40.2,19,44,43.2,116,939,32:44:00,32:44,7,340,989,5143,5.2,308,88,203,43.3,27,44,61.4,122,909,29:11:00
5,49ers,2015,N,14.9,238,969,4860,5,261,65,213,30.5,17,39,43.6,113,823,27:42:00,27:42,-5,387,1081,6199,5.7,356,82,210,39,32,54,59.3,112,920,34:09:00
6,49ers,2016,N,19.3,309,997,4930,4.9,287,78,222,35.1,30,44,68.2,99,831,27:56:00,27:56,-5,480,1103,6501,5.9,358,102,226,45.1,41,66,62.1,93,795,33:28:00
7,49ers,2017,N,20.7,331,1058,5589,5.3,321,91,234,38.9,24,51,47.1,123,988,29:16:00,29:16,-3,383,1065,5625,5.3,343,95,221,43,34,57,59.6,97,791,32:51:00
8,49ers,2018,N,21.4,342,1003,5769,5.8,344,73,193,37.8,21,51,41.2,112,982,30:55:00,30:55,-25,435,1023,5546,5.4,337,87,216,40.3,38,58,65.5,117,1011,31:31:00
9,49ers,2019,Y,29.9,479,1012,6097,6,336,90,200,45,33,62,53.2,105,939,32:37:00,32:37,4,310,968,4509,4.7,285,64,192,33.3,24,40,60,116,957,29:00:00
10,49ers,2020,N,23.5,376,1046,5922,5.7,350,77,197,39.1,37,55,67.3,85,731,31:23:00,31:23,-11,390,997,5030,5,311,71,200,35.5,26,45,57.8,79,709,29:37:00
11,Bears,2011,N,22.1,353,978,5027,5.1,271,66,203,32.5,20,38,52.6,104,800,30:25:00,30:25,2,341,1048,5607,5.4,291,80,229,34.9,25,56,44.6,98,719,30:59:00
12,Bears,2012,N,23.4,375,999,4969,5,292,80,219,36.5,23,46,50,102,811,32:48:00,32:48,20,277,1021,5050,4.9,286,78,220,35.5,21,41,51.2,78,704,29:40:00
13,Bears,2013,N,27.8,445,1013,6109,6,344,83,197,42.1,35,60,58.3,85,708,31:02:00,31:02,5,478,1021,6313,6.2,353,83,200,41.5,34,59,57.6,69,647,30:12:00
14,Bears,2014,N,19.9,319,1005,5233,5.2,322,78,207,37.7,30,47,63.8,113,998,30:13:00,30:13,-5,442,1009,6034,6,325,85,201,42.3,37,71,52.1,106,978,30:06:00
15,Bears,2015,N,20.9,335,1025,5514,5.4,312,93,219,42.5,24,50,48,99,909,31:29:00,31:29,-4,397,980,5527,5.6,307,89,201,44.3,27,45,60,98,895,29:26:00
16,Bears,2016,N,17.4,279,967,5704,5.9,324,70,185,37.8,25,49,51,110,967,28:07:00,28:07,-20,399,1012,5548,5.5,322,85,210,40.5,31,59,52.5,103,959,32:53:00
17,Bears,2017,N,16.5,264,934,4599,4.9,267,71,205,34.6,20,33,60.6,115,943,29:58:00,29:58,0,320,1003,5106,5.1,298,86,219,39.3,24,49,49,118,910,32:38:00
18,Bears,2018,Y,26.3,421,1013,5502,5.4,331,82,200,41,36,54,66.7,97,796,32:22:00,32:22,12,283,1004,4795,4.8,278,75,219,34.2,20,40,50,114,1022,29:42:00
19,Bears,2019,N,17.5,280,1020,4749,4.7,297,77,216,35.6,24,46,52.2,103,838,30:16:00,30:16,0,298,1017,5186,5.1,306,76,209,36.4,29,53,54.7,113,923,30:44:00
20,Bears,2020,Y,23.2,372,1043,5302,5.1,335,71,205,34.6,31,55,56.4,88,777,30:28:00,30:28,-4,370,1020,5519,5.4,331,80,210,38.1,29,53,54.7,95,861,30:03:00
21,Bengals,2011,Y,21.5,344,1015,5118,5,285,80,219,36.5,23,51,45.1,99,874,30:19:00,30:19,0,323,1009,5060,5,284,78,220,35.5,24,41,58.5,101,878,30:41:00
22,Bengals,2012,Y,24.4,391,1016,5323,5.2,292,74,217,34.1,31,57,54.4,99,857,30:26:00,30:26,4,320,1034,5115,4.9,307,79,219,36.1,21,41,51.2,90,779,30:34:00
23,Bengals,2013,Y,26.9,430,1097,5894,5.4,330,92,225,40.9,34,46,73.9,102,1000,33:50:00,33:50,1,305,1042,4888,4.7,282,74,225,32.9,18,36,50,69,692,29:48:00
24,Bengals,2014,Y,22.8,365,1019,5568,5.5,313,84,211,39.8,28,49,57.1,102,812,31:32:00,31:32,0,344,1067,5746,5.4,337,79,215,36.7,27,55,49.1,105,876,30:25:00
25,Bengals,2015,Y,26.2,419,1004,5728,5.7,324,81,201,40.3,38,58,65.5,111,917,31:13:00,31:13,11,279,1032,5453,5.3,307,86,218,39.4,18,38,47.4,116,1063,30:49:00
26,Bengals,2016,N,20.3,325,1050,5711,5.4,341,82,210,39,29,54,53.7,88,726,30:20:00,30:20,3,315,1038,5612,5.4,327,86,217,39.6,25,49,51,105,950,31:36:00
27,Bengals,2017,N,18.1,290,927,4488,4.8,267,67,199,33.7,24,43,55.8,110,1027,27:18:00,27:18,-9,349,1091,5425,5,325,98,241,40.7,26,56,46.4,106,906,33:55:00
28,Bengals,2018,N,23,368,938,4972,5.3,304,69,187,36.9,32,45,71.1,114,957,27:27:00,27:27,1,455,1084,6618,6.1,372,109,223,48.9,39,61,63.9,113,944,33:33:00
29,Bengals,2019,N,17.4,279,1049,5169,4.9,312,80,222,36,21,48,43.8,93,761,30:37:00,30:37,-14,420,1034,6299,6.1,328,89,209,42.6,25,51,49,122,988,31:00:00
30,Bengals,2020,N,19.4,311,1040,5116,4.9,318,77,213,36.2,24,48,50,83,675,31:09:00,31:09,-7,424,1021,6230,6.1,343,91,210,43.3,37,58,63.8,99,795,29:28:00
31,Bills,2011,N,23.2,372,992,5617,5.7,313,62,191,32.5,28,53,52.8,86,743,30:11:00,30:11,1,434,1003,5946,5.9,340,75,189,39.7,38,59,64.4,84,866,30:49:00
32,Bills,2012,N,21.5,344,983,5486,5.6,301,77,198,38.9,24,48,50,104,871,30:11:00,30:11,-13,435,1042,5806,5.6,349,92,209,44,38,55,69.1,80,693,30:03:00
33,Bills,2013,N,21.2,339,1116,5410,4.8,301,83,244,34,21,44,47.7,110,954,29:43:00,29:43,3,388,1089,5334,4.9,308,91,245,37.1,24,51,47.1,108,931,32:59:00
34,Bills,2014,N,21.4,343,1020,5096,5,273,84,229,36.7,22,51,43.1,124,1022,30:45:00,30:45,7,289,1027,4988,4.9,302,73,220,33.2,22,44,50,104,849,31:35:00
35,Bills,2015,N,23.7,379,1016,5775,5.7,297,86,227,37.9,19,38,50,143,1249,31:18:00,31:18,6,359,1017,5702,5.6,321,85,210,40.5,27,45,60,113,906,29:42:00
36,Bills,2016,N,24.9,399,1013,5665,5.6,328,86,210,41,35,54,64.8,112,960,30:48:00,30:48,6,378,1018,5712,5.6,338,82,205,40,30,57,52.6,106,884,31:06:00
37,Bills,2017,Y,18.9,302,1010,4842,4.8,278,101,241,41.9,23,44,52.3,98,872,28:20:00,28:20,9,359,1066,5682,5.3,348,82,214,38.3,30,57,52.6,97,873,32:11:00
38,Bills,2018,N,16.8,269,1008,4778,4.7,283,68,215,31.6,22,37,59.5,116,992,30:29:00,30:29,-5,374,968,4706,4.9,293,74,203,36.5,34,48,70.8,99,976,30:31:00
39,Bills,2019,Y,19.6,314,1018,5283,5.2,314,76,212,35.8,25,44,56.8,117,927,30:59:00,30:59,4,259,985,4772,4.8,295,76,212,35.8,24,43,55.8,94,815,30:01:00
40,Bills,2020,Y,31.3,501,1034,6343,6.1,397,93,187,49.7,42,68,61.8,102,941,32:45:00,32:45,4,375,1025,5640,5.5,351,76,191,39.8,38,58,65.5,86,728,28:15:00
41,Broncos,2011,Y,19.3,309,1017,5074,5,286,66,214,30.8,17,36,47.2,101,842,30:43:00,30:43,-12,390,1063,5725,5.4,315,73,218,33.5,27,52,51.9,99,845,32:04:00
42,Broncos,2012,Y,30.1,481,1090,6366,5.8,380,96,213,45.1,39,66,59.1,100,805,31:16:00,31:16,-1,289,1015,4652,4.6,287,66,216,30.6,24,41,58.5,123,951,29:44:00
43,Broncos,2013,Y,37.9,606,1156,7319,6.3,435,95,205,46.3,51,67,76.1,117,1000,31:31:00,31:31,0,399,1074,5696,5.3,339,83,218,38.1,37,60,61.7,97,807,30:18:00
44,Broncos,2014,Y,30.1,482,1067,6446,6,360,94,213,44.1,39,62,62.9,120,1045,31:46:00,31:46,5,354,1032,4883,4.7,311,81,222,36.5,30,52,57.7,103,816,30:36:00
45,Broncos,2015,Y,22.2,355,1056,5688,5.4,314,79,224,35.3,21,44,47.7,115,1063,30:30:00,30:30,-4,296,1033,4530,4.4,289,80,227,35.2,22,37,59.5,104,773,31:37:00
46,Broncos,2016,N,20.8,333,1020,5169,5.1,290,75,219,34.2,22,47,46.8,119,985,29:03:00,29:03,2,297,1076,5057,4.7,306,86,236,36.4,22,42,52.4,110,990,32:53:00
47,Broncos,2017,N,18.1,289,1075,5185,4.8,297,94,241,39,19,48,39.6,113,885,31:28:00,31:28,-17,382,952,4640,4.9,266,66,209,31.6,24,41,58.5,89,821,29:32:00
48,Broncos,2018,N,20.6,329,1015,5602,5.5,320,69,207,33.3,25,44,56.8,125,985,29:58:00,29:58,7,349,1022,5842,5.7,318,82,211,38.9,25,43,58.1,123,1006,31:02:00
49,Broncos,2019,N,17.6,282,954,4777,5,279,64,202,31.7,20,42,47.6,110,912,29:21:00,29:21,1,316,1003,5392,5.4,305,79,211,37.4,18,46,39.1,121,1041,31:39:00
50,Broncos,2020,N,20.2,323,1030,5369,5.2,308,82,212,38.7,24,45,53.3,81,670,29:59:00,29:59,-16,446,1043,5887,5.6,333,88,219,40.2,29,61,47.5,106,952,31:01:00
51,Brown,2011,N,13.6,218,1024,4621,4.5,278,92,238,38.7,13,31,41.9,95,847,29:15:00,29:15,1,307,1035,5318,5.1,301,95,230,41.3,20,49,40.8,90,726,31:00:00
52,Brown,2012,N,18.9,302,998,5028,5,279,67,218,30.7,17,39,43.6,113,1005,28:14:00,28:14,3,368,1095,5821,5.3,345,85,223,38.1,30,53,56.6,120,1008,32:19:00
53,Brown,2013,N,19.2,308,1078,5423,5,301,83,237,35,19,36,52.8,104,920,29:41:00,29:41,-8,406,1107,5319,4.8,328,109,244,44.7,32,50,64,95,745,31:19:00
54,Brown,2014,N,18.7,299,1010,5193,5.1,294,61,207,29.5,24,49,49,116,932,28:13:00,28:13,6,337,1118,5844,5.2,348,90,239,37.7,25,54,46.3,98,769,32:47:00
55,Brown,2015,N,17.4,278,1042,5311,5.1,307,95,227,41.9,18,47,38.3,120,1083,31:01:00,31:01,-9,432,998,6067,6.1,321,81,203,39.9,36,62,58.1,108,833,30:08:00
56,Brown,2016,N,16.5,264,983,4976,5.1,296,77,212,36.3,24,44,54.5,95,736,28:16:00,28:16,-12,452,1067,6279,5.9,364,93,206,45.1,40,60,66.7,104,930,33:54:00
57,Brown,2017,N,14.6,234,1008,4942,4.9,290,73,216,33.8,19,39,48.7,110,924,28:12:00,28:12,-28,410,1026,5250,5.1,315,91,224,40.6,31,46,67.4,101,905,33:37:00
58,Brown,2018,N,22.4,359,1023,5900,5.8,314,73,208,35.1,32,48,66.7,112,894,29:29:00,29:29,7,392,1122,6288,5.6,377,75,210,35.7,33,54,61.1,119,990,33:48:00
59,Brown,2019,N,20.9,335,973,5455,5.6,305,71,196,36.2,29,50,58,122,1106,30:42:00,30:42,-8,393,1014,5785,5.7,345,74,195,37.9,35,57,61.4,107,836,30:18:00
60,Brown,2020,Y,25.5,408,1022,5913,5.8,355,88,196,44.9,39,53,73.6,100,870,31:54:00,31:54,5,419,1035,5735,5.5,352,90,205,43.9,37,61,60.7,84,690,29:06:00
61,Buccaneers,2011,N,17.9,287,966,5108,5.3,276,76,206,36.9,19,38,50,123,1007,29:01:00,29:01,-16,494,1002,6311,6.3,356,73,185,39.5,40,70,57.1,95,786,31:59:00
62,Buccaneers,2012,N,24.3,389,1008,5820,5.8,301,76,212,35.8,28,47,59.6,101,819,30:19:00,30:19,3,394,1031,6078,5.9,329,88,219,40.2,30,54,55.6,103,851,30:57:00
63,Buccaneers,2013,N,18,288,981,4432,4.5,269,69,221,31.2,19,37,51.4,121,1136,30:36:00,30:36,10,389,1020,5568,5.5,324,80,204,39.2,28,56,50,105,1012,31:49:00
64,Buccaneers,2014,N,17.3,277,937,4672,5,263,76,203,37.4,21,39,53.8,118,939,27:17:00,27:17,-8,410,1068,5903,5.5,353,93,213,43.7,32,52,61.5,106,935,33:05:00
65,Buccaneers,2015,N,21.4,342,1017,6014,5.9,336,84,202,41.6,27,51,52.9,143,1195,29:00:00,29:00,-5,417,1044,5446,5.2,351,97,211,46,36,56,64.3,104,859,32:35:00
66,Buccaneers,2016,N,22.1,354,1066,5542,5.2,340,94,214,43.9,28,54,51.9,109,926,31:57:00,31:57,2,369,1013,5887,5.8,326,67,195,34.4,29,50,58,121,1061,30:52:00
67,Buccaneers,2017,N,20.9,335,1034,5816,5.6,352,85,196,43.4,26,53,49.1,104,795,30:43:00,30:43,-1,382,1011,6049,6,327,104,216,48.1,29,53,54.7,109,937,31:32:00
68,Buccaneers,2018,N,24.8,396,1055,6648,6.3,388,86,187,46,36,60,60,117,975,30:30:00,30:30,-18,464,998,6134,6.1,356,73,181,40.3,45,58,77.6,127,1156,30:01:00
69,Buccaneers,2019,N,28.6,458,1086,6366,5.9,353,90,217,41.5,35,54,64.8,133,1111,31:55:00,31:55,-13,449,1073,5503,5.1,331,75,218,34.4,30,60,50,111,971,29:19:00
70,Buccaneers,2020,Y,30.8,492,1017,6145,6,364,83,191,43.5,42,61,68.9,84,715,29:54:00,29:54,8,355,1023,5234,5.1,319,82,205,40,32,51,62.7,95,1015,31:06:00
71,Cardinals,2011,N,19.5,312,993,5192,5.2,286,66,205,32.2,23,45,51.1,106,997,29:43:00,29:43,-13,348,1095,5682,5.2,333,71,226,31.4,23,58,39.7,122,950,32:26:00
72,Cardinals,2012,N,15.6,250,1018,4209,4.1,246,58,230,25.2,16,40,40,102,857,29:19:00,29:19,-1,357,1041,5405,5.2,288,73,222,32.9,20,45,44.4,100,810,31:19:00
73,Cardinals,2013,N,23.7,379,1037,5542,5.3,329,74,210,35.2,26,50,52,96,744,31:00:00,31:00,-1,324,1042,5079,4.9,309,78,221,35.3,26,48,54.2,111,960,29:18:00
74,Cardinals,2014,Y,19.4,310,993,5116,5.2,302,90,224,40.2,16,38,42.1,91,707,30:48:00,30:48,8,299,1012,5891,5.8,300,81,216,37.5,18,41,43.9,130,1192,30:12:00
75,Cardinals,2015,Y,30.6,489,1041,6533,6.3,373,93,198,47,38,63,60.3,94,758,32:04:00,32:04,9,313,982,5147,5.2,284,75,210,35.7,26,47,55.3,130,1202,28:56:00
76,Cardinals,2016,N,26.1,418,1086,5868,5.4,368,87,214,40.7,35,54,64.8,104,889,31:53:00,31:53,0,362,1019,4883,4.8,293,85,219,38.8,25,45,55.6,123,1010,30:03:00
77,Cardinals,2017,N,18.4,295,1059,5026,4.7,310,82,233,35.2,20,48,41.7,110,880,31:10:00,31:10,-4,361,1007,4975,4.9,283,80,224,35.7,27,46,58.7,129,1128,30:33:00
78,Cardinals,2018,N,14.1,225,902,3865,4.3,239,58,199,29.1,18,28,64.3,101,786,27:33:00,27:33,-12,425,1065,5741,5.4,357,78,205,38,33,53,62.3,100,790,33:27:00
79,Cardinals,2019,N,22.6,361,1000,5467,5.5,314,71,197,36,24,53,45.3,121,956,28:41:00,28:41,-1,442,1080,6432,6,375,100,214,46.7,37,62,59.7,114,1041,33:56:00
80,Cardinals,2020,N,25.6,410,1083,6153,5.7,381,80,202,39.6,38,58,65.5,113,868,29:04:00,29:04,0,367,1054,5631,5.3,363,80,202,39.6,29,56,51.8,104,841,32:33:00
81,Chargers,2011,N,25.4,406,1048,6290,6,359,103,211,48.8,29,54,53.7,91,753,32:27:00,32:27,-7,377,958,5547,5.8,311,96,195,49.2,29,49,59.2,92,760,29:04:00
82,Chargers,2012,N,21.9,350,988,4756,4.8,293,82,217,37.8,22,47,46.8,103,796,32:37:00,32:37,2,350,1012,5223,5.2,316,90,214,42.1,28,40,70,102,798,29:15:00
83,Chargers,2013,Y,24.8,396,1060,6293,5.9,373,101,206,49,30,59,50.8,95,765,34:35:00,34:35,-4,348,959,5864,6.1,327,70,180,38.9,28,45,62.2,100,850,28:31:00
84,Chargers,2014,N,21.8,348,1009,5468,5.4,326,97,215,45.1,26,48,54.2,111,967,31:58:00,31:58,-5,348,988,5412,5.5,307,89,207,43,27,52,51.9,129,1058,29:20:00
85,Chargers,2015,N,20,320,1100,5949,5.4,344,97,231,42,28,44,63.6,117,942,32:51:00,32:51,-4,398,959,5791,6,299,74,195,37.9,23,46,50,120,976,29:41:00
86,Chargers,2016,N,25.6,410,1014,5708,5.6,340,85,200,42.5,32,62,51.6,107,780,31:33:00,31:33,-7,423,1025,5554,5.4,329,83,208,39.9,36,66,54.5,118,837,30:08:00
87,Chargers,2017,N,22.2,355,1020,6026,5.9,337,84,209,40.2,22,47,46.8,108,927,30:21:00,30:21,12,272,997,5254,5.3,282,86,221,38.9,13,36,36.1,109,995,30:04:00
88,Chargers,2018,Y,26.8,428,945,5962,6.3,338,70,177,39.5,34,53,64.2,113,967,31:43:00,31:43,1,329,981,5339,5.4,311,79,202,39.1,25,50,50,103,828,29:17:00
89,Chargers,2019,N,21.1,337,997,5879,5.9,349,86,194,44.3,28,53,52.8,103,872,31:47:00,31:47,-17,345,923,5009,5.4,285,88,195,45.1,24,40,60,108,959,30:32:00
90,Chargers,2020,N,24,384,1127,6113,5.4,373,99,224,44.2,32,56,57.1,85,710,32:58:00,32:58,3,426,997,5495,5.5,324,89,204,43.6,32,55,58.2,94,869,29:26:00
91,Chiefs,2011,N,13.2,212,1021,4973,4.9,277,81,225,36,12,36,33.3,110,916,30:32:00,30:32,-2,338,991,5333,5.4,291,72,210,34.3,28,51,54.9,108,832,31:13:00
92,Chiefs,2012,N,13.2,211,1015,5108,5,286,70,212,33,10,37,27,92,733,30:20:00,30:20,-24,425,973,5704,5.9,301,79,202,39.1,34,64,53.1,81,670,30:16:00
93,Chiefs,2013,Y,26.9,430,1030,5395,5.2,323,74,213,34.7,33,57,57.9,101,774,31:06:00,31:06,18,305,1067,5885,5.5,303,78,229,34.1,19,37,51.4,112,852,30:38:00
94,Chiefs,2014,N,22.1,353,962,5100,5.3,309,80,201,39.8,28,48,58.3,88,681,30:00:00,30:00,-3,281,1024,5288,5.2,310,79,216,36.6,21,54,38.9,107,851,30:00:00
95,Chiefs,2015,Y,25.3,405,955,5299,5.5,303,76,199,38.2,31,54,57.4,104,878,31:55:00,31:55,14,287,1037,5269,5.1,313,72,217,33.2,24,40,60,110,941,29:05:00
96,Chiefs,2016,Y,24.3,389,990,5489,5.5,305,81,213,38,25,55,45.5,109,848,31:36:00,31:36,16,311,1063,5897,5.5,342,96,222,43.2,26,53,49.1,109,797,31:39:00
97,Chiefs,2017,Y,25.9,415,985,6007,6.1,322,78,199,39.2,21,50,42,118,1044,31:55:00,31:55,15,339,1044,5842,5.6,352,83,207,40.1,28,51,54.9,107,864,30:35:00
98,Chiefs,2018,Y,35.3,565,996,6810,6.8,384,83,176,47.2,51,71,71.8,137,1152,29:11:00,29:11,9,421,1109,6488,5.9,419,80,193,41.5,42,58,72.4,107,881,31:20:00
99,Chiefs,2019,Y,28.2,451,976,6067,6.2,350,89,187,47.6,27,50,54,107,1029,29:27:00,29:27,8,308,1043,5594,5.4,344,75,202,37.1,29,57,50.9,116,844,31:33:00
100,Chiefs,2020,Y,29.6,473,1057,6653,6.3,397,95,194,49,36,59,61,105,919,31:31:00,31:31,6,362,1022,5733,5.6,353,77,188,41,36,47,76.6,97,760,30:59:00
101,Colts11,2011,N,15.2,243,951,4589,4.8,258,74,214,34.6,16,38,42.1,76,549,26:13:00,26:13,-12,430,1062,5935,5.6,343,98,216,45.4,35,57,61.4,84,804,34:47:00
102,Colts,2012,Y,22.3,357,1109,5799,5.2,360,98,229,42.8,26,48,54.2,94,801,31:46:00,31:46,-12,387,995,5988,6,325,75,197,38.1,27,53,50.9,128,1208,30:33:00
103,Colts,2013,Y,24.4,391,1023,5468,5.3,318,80,213,37.6,28,50,56,66,576,30:41:00,30:41,13,336,1026,5713,5.6,319,79,210,37.6,24,41,58.5,112,990,30:19:00
104,Colts,2014,Y,28.6,458,1105,6496,5.9,370,89,217,41,33,60,55,105,848,32:54:00,32:54,-5,369,1008,5483,5.4,309,67,201,33.3,33,50,66,101,866,28:06:00
105,Colts,2015,N,20.8,333,1052,5142,4.9,311,94,235,40,26,49,53.1,108,931,30:09:00,30:09,-5,408,1072,6066,5.7,331,89,227,39.2,33,53,62.3,133,1168,31:06:00
106,Colts,2016,N,25.7,411,1037,5831,5.6,351,87,202,43.1,35,53,66,102,883,31:52:00,31:52,-5,392,1023,6122,6,353,80,193,41.5,25,50,50,125,1155,30:34:00
107,Colts,2017,N,16.4,263,994,4553,4.6,267,87,228,38.2,16,40,40,92,779,30:41:00,30:41,5,404,1026,5873,5.7,324,97,217,44.7,27,51,52.9,102,822,31:29:00
108,Colts,2018,Y,27.1,433,1070,6179,5.8,371,104,214,48.6,44,64,68.8,120,953,30:05:00,30:05,2,344,995,5431,5.5,315,82,200,41,23,43,53.5,131,1115,31:33:00
109,Colts,2019,N,22.6,361,1016,5238,5.2,340,86,207,41.5,36,56,64.3,79,670,30:11:00,30:11,2,373,986,5549,5.6,323,85,199,42.7,26,50,52,111,1040,30:07:00
110,Colts,2020,Y,28.2,451,1032,6049,5.9,364,78,197,39.6,35,60,58.3,94,899,31:06:00,31:06,10,362,992,5314,5.4,329,86,203,42.4,32,52,61.5,86,755,29:04:00
111,Cowboys,2011,N,23.1,369,1017,6008,5.9,327,78,198,39.4,25,51,49,114,816,31:25:00,31:25,4,347,972,5488,5.6,305,81,204,39.7,27,49,55.1,85,650,30:33:00
112,Cowboys,2012,N,23.5,376,1049,5994,5.7,338,93,212,43.9,25,49,51,117,853,31:01:00,31:01,-13,400,986,5687,5.8,317,81,202,40.1,30,55,54.5,89,726,30:54:00
113,Cowboys,2013,N,27.4,439,957,5458,5.7,325,63,180,35,35,51,68.6,102,867,29:02:00,29:02,8,432,1094,6645,6.1,388,91,210,43.3,40,62,64.5,112,875,31:58:00
114,Cowboys,2014,Y,29.2,467,1015,6138,6,342,95,201,47.3,33,51,64.7,105,839,33:51:00,33:51,6,352,978,5678,5.8,315,89,204,43.6,30,49,61.2,104,863,28:02:00
115,Cowboys,2015,N,17.2,275,969,5361,5.5,307,66,191,34.6,20,45,44.4,112,879,31:07:00,31:07,-22,374,998,5566,5.6,317,81,208,38.9,25,49,51,113,898,29:08:00
116,Cowboys,2016,Y,26.3,421,1010,6027,6,358,80,189,42.3,38,57,66.7,105,879,32:55:00,32:55,5,306,1009,5503,5.5,330,77,197,39.1,29,54,53.7,90,784,29:32:00
117,Cowboys,2017,N,22.1,354,1005,5311,5.3,314,87,203,42.9,31,52,59.6,97,939,30:12:00,30:12,-1,332,1000,5089,5.1,312,90,210,42.9,28,49,57.1,107,880,30:48:00
118,Cowboys,2018,Y,21.2,339,1022,5501,5.4,322,90,216,41.7,24,50,48,104,885,32:32:00,32:32,3,324,981,5268,5.4,309,85,201,42.3,25,49,51,89,681,29:29:00
119,Cowboys,2019,N,27.1,434,1069,6904,6.5,379,96,204,47.1,31,54,57.4,109,1008,30:32:00,30:32,-1,321,1015,5232,5.2,327,67,201,33.3,29,57,50.9,102,855,30:28:00
120,Cowboys,2020,N,24.7,395,1113,5949,5.3,371,87,215,40.5,27,54,50,96,849,28:22:00,28:22,-3,473,1054,6183,5.9,359,98,209,46.9,34,55,61.8,91,733,32:38:00
121,Dolphins,2011,N,20.6,329,990,5085,5.1,287,69,207,33.3,25,53,47.2,85,779,31:37:00,31:37,-6,313,1043,5522,5.3,310,74,219,33.8,23,52,44.2,112,975,30:51:00
122,Dolphins,2012,N,18,288,981,4984,5.1,288,78,207,37.7,21,38,55.3,82,724,29:00:00,29:00,-10,317,1073,5708,5.3,320,87,238,36.6,23,54,42.6,121,1045,32:58:00
123,Dolphins,2013,N,19.8,317,1001,5007,5,278,76,217,35,26,46,56.5,70,598,29:42:00,29:42,-2,335,1106,5750,5.2,327,91,238,38.2,26,56,46.4,95,748,32:49:00
124,Dolphins,2014,N,24.2,388,1040,5601,5.4,361,80,200,40,35,68,51.5,81,635,30:08:00,30:08,2,373,1029,5494,5.3,309,98,223,43.9,29,55,52.7,105,920,30:52:00
125,Dolphins,2015,N,19.4,310,977,5307,5.4,291,63,205,30.7,23,43,53.5,134,1090,27:22:00,27:22,-3,389,1075,6019,5.6,351,96,221,43.4,30,50,60,121,1005,33:38:00
126,Dolphins,2016,Y,22.7,363,912,5324,5.8,278,69,188,36.7,26,47,55.3,125,1141,29:00:00,29:00,2,380,1088,6122,5.6,349,77,213,36.2,29,51,56.9,109,919,32:18:00
127,Dolphins,2017,N,17.6,281,995,4923,4.9,284,64,202,31.7,20,38,52.6,137,1154,29:25:00,29:25,-14,393,989,5371,5.4,319,75,203,36.9,32,51,62.7,122,1077,31:35:00
128,Dolphins,2018,N,19.9,319,878,4638,5.3,252,56,186,30.1,16,31,51.6,108,978,28:06:00,28:06,5,433,1024,6257,6.1,350,84,196,42.9,37,61,60.7,107,856,33:31:00
129,Dolphins,2019,N,19.1,306,1022,4960,4.9,315,71,207,34.3,27,48,56.2,92,769,29:55:00,29:55,-10,494,1053,6364,6,361,81,194,41.8,37,59,62.7,111,1084,32:42:00
130,Dolphins,2020,N,25.2,404,1021,5424,5.3,345,78,202,38.6,35,60,58.3,74,635,31:17:00,31:17,9,338,998,5886,5.9,336,58,186,31.2,27,47,57.4,85,805,29:43:00
131,Eagles,2011,N,24.8,396,1035,6387,6.2,356,85,204,41.7,34,66,51.5,107,853,31:20:00,31:20,-14,328,982,5198,5.3,289,75,211,35.5,28,47,59.6,97,813,29:40:00
132,Eagles,2012,N,17.5,280,1079,5665,5.3,332,83,222,37.4,22,50,44,98,813,30:44:00,30:44,-24,444,994,5491,5.5,317,83,203,40.9,30,55,54.5,118,996,31:31:00
133,Eagles,2013,Y,27.6,442,1054,6676,6.3,355,83,213,39,30,57,52.6,95,846,26:24:00,26:24,12,382,1150,6304,5.5,368,93,231,40.3,26,49,53.1,106,855,34:36:00
134,Eagles,2014,N,29.6,474,1131,6348,5.6,356,103,237,43.5,29,59,49.2,115,995,27:40:00,27:40,-8,400,1114,6009,5.4,338,88,232,37.9,25,43,58.1,121,1089,33:20:00
135,Eagles,2015,N,23.6,377,1102,5830,5.3,339,91,230,39.6,24,43,55.8,104,819,26:06:00,26:06,-5,430,1148,6426,5.6,365,99,231,42.9,40,61,65.6,123,1051,34:09:00
136,Eagles,2016,N,22.9,367,1080,5398,5,333,85,224,37.9,27,55,49.1,113,945,33:31:00,33:31,6,331,978,5484,5.6,300,82,205,40,23,51,45.1,99,837,28:56:00
137,Eagles,2017,Y,28.6,457,1073,5852,5.5,338,96,230,41.7,36,55,65.5,116,962,33:41:00,33:41,11,295,976,4904,5,272,66,205,32.2,21,38,55.3,101,917,27:19:00
138,Eagles,2018,Y,22.9,367,1037,5845,5.6,346,84,205,41,33,57,57.9,100,852,33:39:00,33:39,-6,348,1002,5859,5.8,308,72,202,35.6,25,56,44.6,115,995,28:29:00
139,Eagles,2019,Y,24.1,385,1104,5772,5.2,354,104,229,45.4,36,54,66.7,100,836,33:06:00,33:06,-3,354,967,5307,5.5,289,70,205,34.1,24,43,55.8,115,959,27:12:00
140,Eagles,2020,N,20.9,334,1066,5357,5,336,82,220,37.3,28,46,60.9,107,853,29:16:00,29:16,-10,418,1060,5810,5.5,340,80,211,37.9,33,51,64.7,112,1036,31:22:00
141,Falcons,2011,Y,25.1,402,1073,6026,5.6,349,99,224,44.2,31,59,52.5,93,769,32:18:00,32:18,8,350,965,5338,5.5,292,93,211,44.1,22,47,46.8,101,843,28:07:00
142,Falcons,2012,Y,26.2,419,1021,5906,5.8,342,92,204,45.1,37,63,58.7,55,415,31:52:00,31:52,13,299,991,5849,5.9,298,81,200,40.5,19,42,45.2,83,641,29:08:00
143,Falcons,2013,N,22.1,353,1024,5490,5.4,330,89,207,43,27,52,51.9,91,788,30:20:00,30:20,-7,443,1003,6070,6.1,326,96,209,45.9,34,57,59.6,104,885,30:51:00
144,Falcons,2014,N,23.8,381,1035,6051,5.8,330,93,210,44.3,27,44,61.4,97,840,29:28:00,29:28,5,417,1038,6372,6.1,358,95,203,46.8,33,58,56.9,91,744,31:39:00
145,Falcons,2015,N,21.2,339,1073,5985,5.6,359,107,227,47.1,29,53,54.7,100,969,32:20:00,32:20,-7,345,996,5562,5.6,335,82,191,42.9,33,53,62.3,95,728,28:25:00
146,Falcons,2016,Y,33.8,540,995,6653,6.7,379,75,178,42.1,39,63,61.9,104,847,30:22:00,30:22,11,406,1059,5939,5.6,358,89,213,41.8,40,55,72.7,113,974,30:00:00
147,Falcons,2017,Y,22.1,353,984,5837,5.9,330,88,197,44.7,27,54,50,102,918,30:50:00,30:50,-2,315,994,5094,5.1,323,75,196,38.3,22,48,45.8,103,880,30:10:00
148,Falcons,2018,N,25.9,414,1010,6226,6.2,352,92,203,45.3,32,50,64,101,899,30:36:00,30:36,1,423,1031,6152,6,375,95,195,48.7,38,54,70.4,108,1001,31:51:00
149,Falcons,2019,N,23.8,381,1096,6075,5.5,383,87,207,42,31,60,51.7,119,956,31:56:00,31:56,-5,399,985,5693,5.8,330,77,193,39.9,31,53,58.5,127,1080,29:04:00
150,Falcons,2020,N,24.8,396,1078,5895,5.5,366,97,221,43.9,31,58,53.4,83,736,31:42:00,31:42,3,414,1034,6376,6.2,367,80,195,41,36,56,64.3,91,800,29:18:00
151,Football Team,2011,N,18,288,1032,5384,5.2,312,81,219,37,21,51,41.2,90,892,30:26:00,30:26,-14,367,988,5437,5.5,295,77,206,37.4,25,57,43.9,123,1006,30:09:00
152,Football Team,2012,Y,27.2,436,994,6131,6.2,341,68,190,35.8,32,53,60.4,116,985,31:12:00,31:12,17,388,1031,6043,5.9,340,95,215,44.2,30,52,57.7,100,811,29:01:00
153,Football Team,2013,N,20.9,334,1107,5915,5.3,329,95,235,40.4,26,50,52,99,802,31:53:00,31:53,-8,478,993,5665,5.7,329,66,194,34,38,60,63.3,83,697,29:29:00
154,Football Team,2014,N,18.8,301,1006,5738,5.7,318,62,197,31.5,23,48,47.9,120,1129,31:47:00,31:47,-12,438,978,5707,5.8,307,89,207,43,25,48,52.1,144,1164,30:39:00
155,Football Team,2015,Y,24.2,388,1011,5661,5.6,317,94,216,43.5,30,49,61.2,105,827,32:45:00,32:45,5,379,1010,6090,6,329,78,207,37.7,27,49,55.1,112,955,28:26:00
156,Football Team,2016,N,24.8,396,1009,6454,6.4,345,90,199,45.2,28,61,45.9,110,909,30:05:00,30:05,0,383,1050,6046,5.8,368,97,208,46.6,32,54,59.3,100,1023,31:51:00
157,Football Team,2017,N,21.4,342,982,5199,5.3,278,66,204,32.4,25,46,54.3,92,732,30:45:00,30:45,-4,388,1045,5566,5.3,307,83,226,36.7,29,57,50.9,100,887,30:25:00
158,Football Team,2018,N,17.6,281,967,4795,5,280,75,206,36.4,21,40,52.5,115,1008,30:38:00,30:38,7,359,996,5654,5.7,330,86,196,43.9,27,52,51.9,102,791,30:22:00
159,Football Team,2019,N,16.6,266,885,4395,5,248,52,179,29.1,20,41,48.8,106,835,27:12:00,27:12,1,435,1079,6162,5.7,354,111,227,48.9,36,59,61,94,805,33:10:00
160,Football Team,2020,Y,20.9,335,1051,5076,4.8,322,88,225,39.1,27,47,57.4,87,697,30:55:00,30:55,-4,329,1004,4873,4.9,289,81,216,37.5,23,43,53.5,85,708,30:05:00
161,Giants,2011,Y,24.6,394,1027,6138,6,331,77,206,37.4,32,56,57.1,94,795,30:30:00,30:30,7,400,1072,6022,5.6,338,84,220,38.2,34,61,55.7,111,956,30:30:00
162,Giants,2012,N,26.8,429,968,5687,5.9,327,78,192,40.6,34,62,54.8,72,578,29:10:00,29:10,14,344,1016,6134,6,317,84,198,42.4,23,50,46,102,900,31:50:00
163,Giants,2013,N,18.4,294,988,4920,5,280,69,211,32.7,17,36,47.2,91,786,29:16:00,29:16,-15,383,1089,5318,4.9,327,93,232,40.1,25,46,54.3,105,904,31:12:00
164,Giants,2014,N,23.8,380,1086,5875,5.4,336,101,235,43,36,61,59,101,896,31:44:00,31:44,-2,400,1007,6012,6,326,72,200,36,25,51,49,105,948,29:16:00
165,Giants,2015,N,26.2,420,1053,5952,5.7,331,82,217,37.8,24,54,44.4,102,779,28:29:00,28:29,7,442,1105,6725,6.1,367,108,230,47,28,52,53.8,120,1077,32:03:00
166,Giants,2016,Y,19.4,310,1018,5291,5.2,289,78,219,35.6,23,43,53.5,88,857,28:19:00,28:19,-2,284,1062,5435,5.1,298,84,238,35.3,17,43,39.5,104,853,32:41:00
167,Giants,2017,N,15.4,246,1036,5028,4.9,271,74,227,32.6,19,39,48.7,91,895,29:42:00,29:42,-3,388,1052,5971,5.7,313,88,222,39.6,29,53,54.7,115,923,32:49:00
168,Giants,2018,N,23.1,369,984,5697,5.8,297,76,206,36.9,27,54,50,114,951,29:57:00,29:57,2,412,1034,5942,5.7,346,87,206,42.2,33,58,56.9,110,919,32:30:00
169,Giants,2019,N,21.3,341,1012,5416,5.4,311,79,212,37.3,24,42,57.1,90,784,29:43:00,29:43,-17,451,1061,6037,5.7,343,86,216,39.8,31,54,57.4,117,922,32:57:00
170,Giants,2020,N,17.5,280,966,4794,5,297,72,198,36.4,19,41,46.3,81,634,29:42:00,29:42,0,357,1046,5589,5.3,353,91,204,44.6,30,59,50.8,88,681,31:18:00
171,Jaguars,2011,N,15.2,243,1002,4149,4.1,251,81,241,33.6,17,35,48.6,77,680,30:02:00,30:02,5,329,979,5008,5.1,268,79,218,36.2,24,43,55.8,105,895,30:58:00
172,Jaguars,2012,N,15.9,255,994,4788,4.8,269,64,216,29.6,16,36,44.4,101,955,28:03:00,28:03,-3,444,1100,6088,5.5,364,89,215,41.4,35,66,53,101,820,33:12:00
173,Jaguars,2013,N,15.4,247,1020,4701,4.6,271,70,225,31.1,18,41,43.9,96,797,27:22:00,27:22,-6,449,1090,6069,5.6,353,96,226,42.5,39,65,60,87,729,33:38:00
174,Jaguars,2014,N,15.6,249,989,4633,4.7,271,69,216,31.9,13,32,40.6,73,573,27:11:00,27:11,-6,412,1085,5932,5.5,329,101,236,42.8,27,56,48.2,115,886,33:49:00
175,Jaguars,2015,N,23.5,376,1012,5581,5.5,313,72,205,35.1,29,54,53.7,105,880,28:52:00,28:52,-10,448,1102,6000,5.4,362,105,227,46.3,35,57,61.4,114,989,33:47:00
176,Jaguars,2016,N,19.9,318,1052,5359,5.1,321,78,221,35.3,24,40,60,129,1178,29:09:00,29:09,-16,400,1030,5147,5,305,83,224,37.1,30,55,54.5,101,948,31:51:00
177,Jaguars,2017,Y,26.1,417,1078,5855,5.4,332,85,227,37.4,32,50,64,112,936,32:19:00,32:19,10,268,993,4578,4.6,257,74,220,33.6,11,28,39.3,112,1050,29:42:00
178,Jaguars,2018,N,15.3,245,1005,4832,4.8,277,93,230,40.4,15,34,44.1,121,1112,30:14:00,30:14,-12,316,970,4983,5.1,288,80,212,37.7,24,47,51.1,92,735,30:46:00
179,Jaguars,2019,N,18.8,300,1020,5468,5.4,298,76,220,34.5,19,47,40.4,132,1165,30:29:00,30:29,-1,397,999,6007,6,340,79,190,41.6,32,56,57.1,102,883,30:31:00
180,Jaguars,2020,N,19.1,306,997,5218,5.2,310,84,207,40.6,27,45,60,107,1071,28:51:00,28:51,-8,492,1068,6683,6.3,394,86,198,43.4,40,63,63.5,78,710,33:39:00
181,Jets,2011,N,23.6,377,1029,4989,4.8,301,74,213,34.7,36,55,65.5,102,849,31:49:00,31:49,-3,363,993,4993,5,272,69,211,32.7,23,44,52.3,110,966,29:11:00
182,Jets,2012,N,17.6,281,1034,4787,4.6,299,80,217,36.9,23,47,48.9,83,708,30:26:00,30:26,-14,375,1019,5174,5.1,293,84,226,37.2,24,41,58.5,109,805,31:36:00
183,Jets,2013,N,18.1,290,1020,5090,5,280,90,231,39,21,42,50,108,837,30:13:00,30:13,-14,387,1048,5359,5.1,293,85,231,36.8,22,49,44.9,92,833,30:24:00
184,Jets,2014,N,17.7,283,1052,5225,5,289,91,234,38.9,17,47,36.2,109,932,31:01:00,31:01,-11,401,976,5235,5.4,300,99,219,45.2,29,49,59.2,91,781,29:16:00
185,Jets,2015,N,24.2,387,1074,5925,5.5,329,93,229,40.6,35,53,66,96,787,31:20:00,31:20,6,314,1013,5098,5,271,77,232,33.2,14,40,35,90,767,29:21:00
186,Jets,2016,N,17.2,275,1003,5268,5.3,291,76,210,36.2,19,54,35.2,93,837,31:41:00,31:41,-20,409,1000,5479,5.5,318,84,210,40,29,51,56.9,74,650,30:43:00
187,Jets,2017,N,18.6,298,984,4884,5,269,81,228,35.5,18,33,54.5,119,1035,30:13:00,30:13,-4,382,1052,5636,5.4,329,82,221,37.1,29,52,55.8,114,981,30:23:00
188,Jets,2018,N,20.8,333,971,4787,4.9,258,69,214,32.2,20,45,44.4,114,948,29:10:00,29:10,-10,441,1061,6086,5.7,343,72,213,33.8,31,59,52.5,95,817,31:03:00
189,Jets,2019,N,17.2,276,956,4368,4.6,253,65,212,30.7,18,33,54.5,115,1105,29:53:00,29:53,-4,359,1037,5170,5,302,88,225,39.1,26,48,54.2,107,902,31:07:00
190,Jets,2020,N,15.2,243,948,4479,4.7,269,70,206,34,16,38,42.1,101,952,28:54:00,28:54,0,457,1081,6201,5.7,381,90,202,44.6,36,60,60,99,899,32:06:00
191,Lions,2011,Y,29.6,474,1058,6337,6,349,76,212,35.8,37,58,63.8,128,1075,30:09:00,30:09,11,387,1055,5881,5.6,325,67,205,32.7,26,53,49.1,119,982,30:58:00
192,Lions,2012,N,23.2,372,1160,6540,5.6,382,97,228,42.5,33,55,60,103,944,32:05:00,32:05,-16,437,998,5458,5.5,305,76,208,36.5,20,39,51.3,93,789,29:29:00
193,Lions,2013,N,24.7,395,1102,6274,5.7,350,95,221,43,35,56,62.5,110,925,32:22:00,32:22,-12,376,982,5546,5.6,290,64,211,30.3,16,42,38.1,87,681,28:06:00
194,Lions,2014,Y,20.1,321,1045,5442,5.2,310,86,223,38.6,25,47,53.2,118,989,32:41:00,32:41,7,282,984,4815,4.9,310,77,207,37.2,26,49,53.1,99,849,28:19:00
195,Lions,2015,N,22.4,358,1030,5547,5.4,337,75,203,36.9,34,49,69.4,104,930,32:30:00,32:30,-6,400,999,5594,5.6,319,82,200,41,37,59,62.7,96,785,29:17:00
196,Lions,2016,Y,21.6,346,981,5421,5.5,329,83,195,42.6,26,48,54.2,100,861,30:07:00,30:07,-1,358,964,5676,5.9,333,90,198,45.5,36,53,67.9,122,979,30:18:00
197,Lions,2017,N,25.6,410,980,5404,5.5,296,81,209,38.8,26,46,56.5,104,968,30:48:00,30:48,10,376,1037,5692,5.5,350,74,194,38.1,34,55,61.8,110,971,30:12:00
198,Lions,2018,N,20.2,324,1019,5236,5.1,325,75,208,36.1,26,49,53.1,94,852,31:24:00,31:24,-5,360,942,5360,5.7,315,69,186,37.1,27,47,57.4,94,886,29:36:00
199,Lions,2019,N,21.3,341,1021,5549,5.4,313,90,220,40.9,25,42,59.5,113,937,29:09:00,29:09,-5,423,1094,6406,5.9,365,94,214,43.9,33,57,57.9,117,960,31:28:00
200,Lions,2020,N,23.6,377,991,5603,5.7,350,79,192,41.1,35,53,66,95,860,28:46:00,28:46,-9,519,1068,6716,6.3,415,91,193,47.2,47,65,72.3,103,797,32:06:00
201,Packers,2011,Y,35,560,988,6482,6.6,353,91,189,48.1,43,66,65.2,76,589,30:29:00,30:29,24,359,1049,6583,6.3,358,83,195,42.6,31,56,55.4,122,948,30:31:00
202,Packers,2012,Y,27.1,433,1042,5751,5.5,341,90,213,42.3,32,47,68.1,103,923,30:26:00,30:26,7,336,1033,5388,5.2,308,83,218,38.1,29,47,61.7,123,1055,30:34:00
203,Packers,2013,Y,26.1,417,1074,6404,6,351,89,216,41.2,33,65,50.8,86,801,31:53:00,31:53,-3,428,1015,5956,5.9,330,78,204,38.2,35,57,61.4,99,883,30:03:00
204,Packers,2014,Y,30.4,486,1001,6178,6.2,356,93,197,47.2,37,64,57.8,92,776,31:32:00,31:32,14,348,1054,5541,5.3,339,83,206,40.3,27,48,56.2,104,945,29:28:00
205,Packers,2015,Y,23,368,1056,5353,5.1,317,70,208,33.7,28,52,53.8,105,906,30:08:00,30:08,5,323,1014,5547,5.5,300,79,220,35.9,28,49,57.1,120,1107,30:52:00
206,Packers,2016,Y,27,432,1029,5900,5.7,349,98,210,46.7,40,66,60.6,100,827,31:14:00,31:14,8,388,987,5823,5.9,329,82,199,41.2,28,45,62.2,109,964,29:46:00
207,Packers,2017,N,20,320,999,4891,4.9,307,83,211,39.3,26,42,61.9,96,789,29:09:00,29:09,-3,384,1014,5582,5.5,331,89,208,42.8,30,46,65.2,94,832,32:38:00
208,Packers,2018,N,23.5,376,1026,5905,5.8,332,75,204,36.8,29,47,61.7,108,937,30:03:00,30:03,0,400,1017,5670,5.6,331,79,212,37.3,34,56,60.7,97,792,31:48:00
209,Packers,2019,Y,23.5,376,1020,5528,5.4,320,73,203,36,32,50,64,100,774,31:28:00,31:28,12,313,998,5642,5.7,310,75,197,38.1,24,48,50,97,968,29:32:00
210,Packers,2020,Y,31.8,509,990,6224,6.3,358,89,180,49.4,48,60,80,84,684,33:35:00,33:35,7,369,974,5344,5.5,332,73,185,39.5,30,52,57.7,79,734,28:36:00
211,Panthers,2011,N,25.4,406,999,6237,6.2,345,75,185,40.5,33,57,57.9,113,1013,30:16:00,30:16,1,429,972,6042,6.2,328,83,194,42.8,33,56,58.9,98,901,30:44:00
212,Panthers,2012,N,22.3,357,988,5771,5.8,328,88,204,43.1,27,46,58.7,98,835,30:51:00,30:51,1,363,1010,5329,5.3,325,73,202,36.1,27,50,54,86,711,30:25:00
213,Panthers,2013,Y,22.9,366,999,5069,5.1,319,91,208,43.8,29,50,58,80,671,32:54:00,32:54,11,241,975,4820,4.9,278,76,212,35.8,17,41,41.5,84,753,28:06:00
214,Panthers,2014,Y,21.2,339,1062,5546,5.2,347,93,222,41.9,22,47,46.8,83,756,32:16:00,32:16,3,374,999,5437,5.4,309,89,210,42.4,29,46,63,97,761,29:40:00
215,Panthers,2015,Y,31.2,500,1060,5871,5.5,357,86,203,42.4,43,63,68.3,103,887,32:03:00,32:03,20,308,1058,5167,4.9,298,86,227,37.9,21,40,52.5,99,822,29:33:00
216,Panthers,2016,N,23.1,369,1052,5499,5.2,318,83,223,37.2,29,49,59.2,98,850,31:50:00,31:50,-2,402,1035,5755,5.6,329,80,211,37.9,24,55,43.6,112,907,29:10:00
217,Panthers,2017,Y,22.7,363,1026,5179,5,320,93,222,41.9,28,52,53.8,83,682,32:17:00,32:17,-1,327,953,5074,5.3,282,78,206,37.9,21,44,47.7,101,867,28:43:00
218,Panthers,2018,N,23.5,376,1011,5972,5.9,356,77,185,41.6,36,58,62.1,92,818,31:44:00,31:44,1,382,948,5651,6,315,73,183,39.9,33,47,70.2,91,805,29:16:00
219,Panthers,2019,N,21.2,340,1077,5469,5.1,335,66,207,31.9,29,50,58,87,754,29:55:00,29:55,-14,470,1042,5992,5.8,355,77,193,39.9,41,64,64.1,109,940,31:05:00
220,Panthers,2020,N,21.9,350,993,5592,5.6,335,76,195,39,29,57,50.9,95,752,31:59:00,31:59,1,402,1022,5761,5.6,360,98,199,49.2,36,57,63.2,85,713,29:01:00
221,Patriots,2011,Y,32.1,513,1082,6848,6.3,399,89,194,45.9,47,72,65.3,87,815,29:47:00,29:47,17,342,1064,6584,6.2,370,87,202,43.1,34,61,55.7,115,907,31:13:00
222,Patriots,2012,Y,34.8,557,1191,6846,5.7,444,110,226,48.7,49,70,70,97,840,31:56:00,31:56,25,331,1046,5972,5.7,340,82,205,40,24,46,52.2,101,932,30:33:00
223,Patriots,2013,Y,27.8,444,1138,6152,5.4,378,83,221,37.6,36,65,55.4,69,625,30:21:00,30:21,9,338,1118,5969,5.3,338,98,232,42.2,28,50,56,110,951,31:05:00
224,Patriots,2014,Y,29.2,468,1074,5848,5.4,361,98,221,44.3,39,67,58.2,120,1080,30:37:00,30:37,12,313,1033,5506,5.3,329,84,209,40.2,22,46,47.8,92,752,30:23:00
225,Patriots,2015,Y,29.1,465,1050,5991,5.7,347,88,215,40.9,40,61,65.6,96,859,30:18:00,30:18,7,315,1042,5431,5.2,303,84,225,37.3,24,42,57.1,112,1013,30:02:00
226,Patriots,2016,Y,27.6,441,1056,6180,5.9,351,104,227,45.8,38,60,63.3,93,819,31:13:00,31:13,12,250,998,5223,5.2,294,76,206,36.9,23,44,52.3,113,930,29:47:00
227,Patriots,2017,Y,28.6,458,1070,6307,5.9,389,82,202,40.6,42,70,60,95,835,31:37:00,31:37,6,296,1022,5856,5.7,325,82,208,39.4,21,48,43.8,111,1035,29:23:00
228,Patriots,2018,Y,27.2,436,1073,6295,5.9,365,82,201,40.8,34,57,59.6,93,744,31:05:00,31:05,10,325,1002,5746,5.7,322,76,197,38.6,27,46,58.7,91,838,29:55:00
229,Patriots,2019,Y,26.2,420,1095,5664,5.2,338,87,227,38.3,30,60,50,94,828,32:42:00,32:42,21,225,948,4414,4.7,261,47,195,24.1,14,29,48.3,107,920,28:18:00
230,Patriots,2020,N,20.4,326,979,5236,5.3,332,76,186,40.9,26,48,54.2,62,534,29:58:00,29:58,3,353,982,5660,5.8,339,76,186,40.9,32,49,65.3,82,639,31:02:00
231,Raiders,2011,N,22.4,359,1015,6070,6,328,71,199,35.7,24,47,51.1,163,1358,30:55:00,30:55,-4,433,1069,6201,5.8,369,92,219,42,30,51,58.8,120,982,30:13:00
232,Raiders,2012,N,18.1,290,1032,5504,5.3,300,77,220,35,18,42,42.9,108,939,30:30:00,30:30,-7,443,995,5672,5.7,304,83,212,39.2,30,54,55.6,101,925,31:38:00
233,Raiders,2013,N,20.1,322,1000,5340,5.3,275,78,223,35,25,42,59.5,116,912,30:54:00,30:54,-9,453,1029,5819,5.7,330,91,211,43.1,37,62,59.7,87,686,30:06:00
234,Raiders,2014,N,15.8,253,994,4515,4.5,248,80,236,33.9,21,29,72.4,116,939,28:20:00,28:20,-15,452,1041,5721,5.5,320,85,221,38.5,30,57,52.6,116,941,32:40:00
235,Raiders,2015,N,22.4,359,1008,5336,5.3,300,86,220,39.1,25,41,61,139,1102,30:34:00,30:34,1,399,1085,5818,5.4,344,84,224,37.5,30,58,51.7,104,943,31:58:00
236,Raiders,2016,Y,26,416,1047,5969,5.7,333,83,218,38.1,32,56,57.1,147,1247,32:44:00,32:44,16,385,987,6002,6.1,318,78,198,39.4,33,57,57.9,115,1051,29:06:00
237,Raiders,2017,N,18.8,301,952,5185,5.4,287,82,204,40.2,20,34,58.8,114,1009,29:53:00,29:53,-14,373,994,5601,5.6,304,88,215,40.9,23,48,47.9,102,944,31:07:00
238,Raiders,2018,N,18.1,290,995,5379,5.4,300,73,197,37.1,23,43,53.5,110,965,31:59:00,31:59,-7,467,973,6102,6.3,317,93,201,46.3,37,62,59.7,117,991,30:32:00
239,Raiders,2019,N,19.6,313,989,5819,5.9,315,88,201,43.8,28,53,52.8,128,1138,31:01:00,31:01,-2,419,963,5677,5.9,344,81,190,42.6,37,55,67.3,91,763,29:59:00
240,Raiders,2020,N,27.1,434,1036,6133,5.9,359,91,198,46,32,59,54.2,98,856,31:04:00,31:04,-11,478,1039,6225,6,381,100,205,48.8,42,68,61.8,95,915,29:28:00
241,Rams,2011,N,12.1,193,1013,4537,4.5,267,64,228,28.1,12,31,38.7,113,922,28:11:00,28:11,-5,407,1031,5712,5.5,313,83,215,38.6,26,52,50,111,951,32:56:00
242,Rams,2012,N,18.7,299,1002,5264,5.3,287,67,209,32.1,19,37,51.4,130,978,30:47:00,30:47,-1,348,1041,5482,5.3,327,80,213,37.6,27,53,50.9,90,758,32:04:00
243,Rams,2013,N,21.8,348,968,4877,5,282,73,212,34.4,25,49,51,123,1009,29:05:00,29:05,8,364,1014,5520,5.4,337,78,201,38.8,31,61,50.8,105,978,31:55:00
244,Rams,2014,N,20.2,324,957,5035,5.3,288,68,192,35.4,22,44,50,123,1139,29:13:00,29:13,-2,354,1004,5617,5.6,301,82,212,38.7,18,39,46.2,105,882,31:47:00
245,Rams,2015,N,17.5,280,920,4761,5.2,241,52,201,25.9,19,36,52.8,122,1007,28:15:00,28:15,5,330,1091,5885,5.4,320,78,225,34.7,20,48,41.7,109,992,33:12:00
246,Rams,2016,N,14,224,960,4203,4.4,245,67,213,31.5,16,34,47.1,126,1091,29:21:00,29:21,-11,394,1038,5392,5.2,325,82,220,37.3,37,52,71.2,108,920,31:39:00
247,Rams,2017,Y,29.9,478,1000,5784,5.8,311,88,214,41.1,38,69,55.1,107,922,30:06:00,30:06,7,329,1020,5434,5.3,300,86,227,37.9,27,46,58.7,102,808,30:54:00
248,Rams,2018,Y,32.9,527,1060,6738,6.4,401,86,191,45,46,80,57.5,96,878,31:42:00,31:42,11,384,960,5737,6,322,70,188,37.2,30,52,57.7,99,852,29:18:00
249,Rams,2019,N,24.6,394,1055,5998,5.7,342,83,208,39.9,38,59,64.4,118,899,29:01:00,29:01,0,364,1056,5434,5.1,324,86,218,39.4,33,52,63.5,105,829,31:59:00
250,Rams,2020,Y,23.2,372,1088,6032,5.5,352,98,226,43.4,33,57,57.9,71,655,32:01:00,32:01,-3,296,989,4511,4.6,280,74,209,35.4,27,46,58.7,78,582,28:59:00
251,Ravens,2011,Y,23.6,378,1036,5419,5.2,312,97,229,42.4,25,49,51,92,742,31:35:00,31:35,2,266,1002,4622,4.6,269,71,221,32.1,16,42,38.1,103,1032,29:25:00
252,Ravens,2012,Y,24.9,398,1042,5640,5.4,314,80,217,36.9,28,49,57.1,121,1127,29:40:00,29:40,9,344,1086,5615,5.2,326,83,232,35.8,23,53,43.4,107,929,32:25:00
253,Ravens,2013,N,20,320,1090,4918,4.5,295,92,253,36.4,24,52,46.2,112,942,30:21:00,30:21,-5,352,1032,5368,5.2,284,78,233,33.5,20,41,48.8,126,1196,31:39:00
254,Ravens,2014,Y,25.6,409,1022,5835,5.7,345,84,205,41,33,63,52.4,111,870,30:40:00,30:40,2,302,1034,5381,5.2,311,89,221,40.3,23,54,42.6,110,1007,30:20:00
255,Ravens,2015,N,20.5,328,1083,5749,5.3,323,85,226,37.6,23,47,48.9,122,1153,31:32:00,31:32,-14,401,1000,5398,5.4,311,86,216,39.8,25,47,53.2,103,748,31:36:00
256,Ravens,2016,N,21.4,343,1079,5563,5.2,316,86,233,36.9,24,46,52.2,125,1111,31:46:00,31:46,5,321,993,5154,5.2,294,75,214,35,26,47,55.3,94,900,29:14:00
257,Ravens,2017,N,24.7,395,1054,4886,4.6,311,76,223,34.1,30,52,57.7,91,749,31:53:00,31:53,17,303,1045,5201,5,296,82,222,36.9,22,45,48.9,96,807,30:37:00
258,Ravens,2018,Y,24.3,389,1135,5999,5.3,367,104,231,45,33,59,55.9,116,940,33:54:00,33:54,-3,287,974,4687,4.8,286,72,211,34.1,26,41,63.4,113,1017,28:15:00
259,Ravens,2019,Y,33.2,531,1064,6521,6.1,386,88,187,47.1,43,64,67.2,109,867,35:47:00,35:47,10,282,921,4809,5.2,276,72,194,37.1,21,44,47.7,97,795,26:30:00
260,Ravens,2020,Y,29.2,468,993,5810,5.9,327,101,207,48.8,38,60,63.3,104,961,32:30:00,32:30,4,303,1017,5276,5.2,347,65,191,34,28,45,62.2,77,646,29:47:00
261,Saints,2011,Y,34.2,547,1117,7474,6.7,416,118,208,56.7,44,75,58.7,99,851,32:59:00,32:59,-3,339,1010,5895,5.8,326,67,202,33.2,23,39,59,109,912,28:26:00
262,Saints,2012,N,28.8,461,1067,6574,6.2,352,91,207,44,39,57,68.4,104,911,29:59:00,29:59,2,454,1089,7042,6.5,380,80,208,38.5,39,70,55.7,102,835,32:50:00
263,Saints,2013,Y,25.9,414,1079,6391,5.9,359,97,221,43.9,32,57,56.1,95,817,33:41:00,33:41,0,304,943,4891,5.2,274,69,199,34.7,26,46,56.5,91,750,27:19:00
264,Saints,2014,N,25.1,401,1095,6582,6,395,98,203,48.3,39,65,60,80,670,31:35:00,31:35,-13,424,1023,6144,6,345,99,215,46,32,51,62.7,105,889,30:29:00
265,Saints,2015,N,25.5,408,1096,6461,5.9,381,104,218,47.7,35,58,60.3,130,1112,31:21:00,31:21,2,476,996,6615,6.6,380,71,176,40.3,44,65,67.7,114,887,29:59:00
266,Saints,2016,N,29.3,469,1105,6816,6.2,395,107,220,48.6,45,68,66.2,107,969,31:57:00,31:57,-3,454,1008,6006,6,353,84,194,43.3,32,56,57.1,104,881,29:03:00
267,Saints,2017,Y,28,448,1000,6259,6.3,332,73,194,37.6,32,55,58.2,105,967,31:09:00,31:09,7,326,1002,5384,5.4,308,87,212,41,25,48,52.1,108,850,29:00:00
268,Saints,2018,Y,31.5,504,1010,6067,6,377,82,184,44.6,48,69,69.6,94,939,32:53:00,32:53,8,353,978,5585,5.7,333,78,189,41.3,31,49,63.3,85,814,29:34:00
269,Saints,2019,Y,28.6,458,1011,5982,5.9,347,81,192,42.2,34,57,59.6,120,1036,32:19:00,32:19,15,341,999,5329,5.3,311,73,210,34.8,28,47,59.6,92,713,28:41:00
270,Saints,2020,Y,30.1,482,1045,6025,5.8,367,93,208,44.7,49,68,72.1,98,1005,32:11:00,32:11,9,337,992,4974,5,320,79,207,38.2,34,50,68,64,517,29:42:00
271,Seahawks,2011,N,20.1,321,1003,4863,4.8,265,77,228,33.8,22,46,47.8,138,1047,28:23:00,28:23,8,315,1049,5315,5.1,310,77,221,34.8,19,39,48.7,96,907,32:11:00
272,Seahawks,2012,Y,25.8,412,974,5610,5.8,311,80,199,40.2,31,54,57.4,110,890,32:50:00,32:50,13,245,968,4899,5.1,295,76,198,38.4,17,38,44.7,102,902,29:38:00
273,Seahawks,2013,Y,26.1,417,973,5424,5.6,307,76,204,37.3,32,57,56.1,128,1183,31:32:00,31:32,20,231,990,4378,4.4,282,76,216,35.2,13,36,36.1,98,879,31:37:00
274,Seahawks,2014,Y,24.6,394,1021,6012,5.9,328,90,212,42.5,31,60,51.7,130,1009,32:22:00,32:22,10,254,925,4274,4.6,277,75,202,37.1,22,37,59.5,70,613,28:59:00
275,Seahawks,2015,Y,26.4,423,1035,6058,5.9,335,99,213,46.5,27,49,55.1,117,1007,32:14:00,32:14,7,277,947,4668,4.9,273,67,195,34.4,16,38,42.1,94,795,29:51:00
276,Seahawks,2016,Y,22.1,354,1012,5715,5.6,313,79,207,38.2,26,56,46.4,117,970,30:03:00,30:03,1,292,1020,5099,5,307,82,212,38.7,26,46,56.5,103,925,31:53:00
277,Seahawks,2017,N,22.9,366,1007,5286,5.2,299,79,212,37.3,25,45,55.6,148,1342,29:19:00,29:19,8,332,1045,5171,4.9,316,85,222,38.3,20,42,47.6,102,878,31:41:00
278,Seahawks,2018,Y,26.8,428,1012,5653,5.6,329,81,208,38.9,36,55,65.5,111,959,31:28:00,31:28,15,347,955,5653,5.9,323,64,183,35,25,51,49,108,981,29:57:00
279,Seahawks,2019,Y,25.3,405,1046,5991,5.7,341,79,200,39.5,38,60,63.3,109,882,31:26:00,31:26,12,398,1014,6106,6,346,71,185,38.4,32,52,61.5,96,798,29:25:00
280,Seahawks,2020,Y,28.7,459,1022,5912,5.8,356,76,189,40.2,41,56,73.2,84,662,30:08:00,30:08,4,371,1112,6089,5.5,376,105,223,47.1,35,56,62.5,94,803,30:29:00
281,Steelers,2011,Y,20.3,325,1015,5957,5.9,341,90,196,45.9,27,53,50.9,101,854,33:33:00,33:33,-13,227,964,4348,4.5,264,86,221,38.9,17,31,54.8,96,770,27:27:00
282,Steelers,2012,N,21,336,1023,5324,5.2,307,94,224,42,27,49,55.1,92,938,32:11:00,32:11,-10,314,951,4413,4.6,273,73,206,35.4,22,42,52.4,100,882,28:57:00
283,Steelers,2013,N,23.7,379,1023,5401,5.3,312,82,216,38,28,53,52.8,80,677,31:53:00,31:53,-4,370,1036,5395,5.2,303,91,230,39.6,31,55,56.4,92,800,29:07:00
284,Steelers,2014,Y,27.2,436,1068,6564,6.1,379,93,208,44.7,29,55,52.7,103,834,32:24:00,32:24,0,368,945,5654,6,314,71,189,37.6,27,50,54,97,835,28:36:00
285,Steelers,2015,Y,26.4,423,1011,6327,6.3,331,75,193,38.9,34,56,60.7,94,868,30:43:00,30:43,2,319,1055,5809,5.5,327,90,225,40,28,57,49.1,121,1149,31:54:00
286,Steelers,2016,Y,24.9,399,1026,5962,5.8,336,83,202,41.1,29,49,59.2,112,1068,31:45:00,31:45,5,327,997,5482,5.5,313,88,214,41.1,26,57,45.6,109,920,30:00:00
287,Steelers,2017,Y,25.4,406,1051,6047,5.8,348,92,209,44,32,63,50.8,101,896,32:59:00,32:59,2,308,940,4910,5.2,270,72,199,36.2,24,39,61.5,110,1041,28:07:00
288,Steelers,2018,N,26.8,428,1058,6453,6.1,378,88,198,44.4,36,49,73.5,111,1026,31:00:00,31:00,-11,360,987,5235,5.3,317,72,197,36.5,29,49,59.2,136,1170,30:37:00
289,Steelers,2019,N,18.1,289,937,4428,4.7,265,67,195,34.4,14,40,35,111,893,29:51:00,29:51,8,303,1030,4866,4.7,304,76,209,36.4,23,46,50,115,1118,31:26:00
290,Steelers,2020,Y,26,416,1043,5354,5.1,322,97,230,42.2,33,52,63.5,81,691,31:49:00,31:49,9,312,996,4893,4.9,281,83,222,37.4,25,45,55.6,103,980,29:11:00
291,Texans,2011,Y,23.8,381,1046,5954,5.7,321,93,224,41.5,28,60,46.7,99,852,33:40:00,33:40,7,278,960,4571,4.8,270,76,212,35.8,21,44,47.7,88,686,27:20:00
292,Texans,2012,Y,26,416,1090,5953,5.5,341,83,221,37.6,32,57,56.1,108,873,34:46:00,34:46,12,331,1015,5172,5.1,292,71,215,33,20,40,50,90,863,28:50:00
293,Texans,2013,N,17.2,276,1089,5556,5.1,307,83,231,35.9,20,41,48.8,112,1138,32:31:00,32:31,-20,428,970,5081,5.2,282,75,217,34.6,32,48,66.7,102,809,30:30:00
294,Texans,2014,N,23.2,372,1062,5508,5.2,313,91,235,38.7,26,48,54.2,94,834,31:07:00,31:07,12,307,1077,5571,5.2,329,74,218,33.9,22,46,47.8,99,785,29:21:00
295,Texans,2015,Y,21.2,339,1127,5564,4.9,335,96,249,38.6,26,45,57.8,107,910,31:48:00,31:48,5,313,986,4963,5,281,61,214,28.5,22,39,56.4,116,991,29:12:00
296,Texans,2016,Y,17.4,279,1071,5035,4.7,305,87,233,37.3,18,44,40.9,87,868,32:34:00,32:34,-7,328,950,4821,5.1,272,82,213,38.5,23,44,52.3,114,950,29:52:00
297,Texans,2017,N,21.1,338,1027,5120,5,313,76,209,36.4,22,42,52.4,124,1050,30:06:00,30:06,-12,436,973,5546,5.7,301,71,201,35.3,33,54,61.1,122,1128,30:54:00
298,Texans,2018,Y,25.1,402,1040,5802,5.6,333,77,208,37,30,60,50,105,787,31:46:00,31:46,13,316,1022,5490,5.4,298,91,227,40.1,29,41,70.7,117,945,30:22:00
299,Texans,2019,Y,23.6,378,1017,5792,5.7,346,84,193,43.5,34,53,64.2,111,892,30:02:00,30:02,0,385,1020,6213,6.1,346,98,202,48.5,35,49,71.4,109,859,30:58:00
300,Texans,2020,N,24,384,940,6004,6.4,326,83,193,43,27,50,54,80,619,27:18:00,27:18,-9,464,1068,6668,6.2,390,96,202,47.5,40,63,63.5,76,678,33:55:00
301,Titans,2011,N,20.3,325,984,5361,5.4,281,80,218,36.7,22,37,59.5,104,960,28:54:00,28:54,1,317,1080,5675,5.3,324,96,236,40.7,23,48,47.9,99,812,32:06:00
302,Titans,2012,N,20.6,330,957,5010,5.2,260,83,217,38.2,18,36,50,106,847,28:41:00,28:41,-4,471,1086,5999,5.5,358,85,214,39.7,37,58,63.8,86,717,33:09:00
303,Titans,2013,N,22.6,362,1032,5390,5.2,311,94,227,41.4,28,49,57.1,101,900,30:17:00,30:17,0,381,1027,5408,5.3,329,69,201,34.3,32,50,64,95,779,30:18:00
304,Titans,2014,N,15.9,254,919,4859,5.3,258,59,196,30.1,19,39,48.7,111,961,28:31:00,28:31,-10,438,1099,5968,5.4,357,94,227,41.4,37,63,58.7,93,731,32:29:00
305,Titans,2015,N,18.7,299,976,4988,5.1,298,64,201,31.8,26,40,65,93,779,30:35:00,30:35,-14,423,1003,5475,5.5,317,92,216,42.6,33,53,62.3,112,982,31:44:00
306,Titans,2016,N,23.8,381,1008,5728,5.7,322,100,217,46.1,36,50,72,110,1012,31:32:00,31:32,0,378,1031,5721,5.5,324,77,210,36.7,29,55,52.7,137,1191,29:28:00
307,Titans,2017,Y,20.9,334,974,5024,5.2,290,71,202,35.1,21,40,52.5,85,785,30:06:00,30:06,-4,356,1046,5248,5,323,78,214,36.4,27,56,48.2,119,942,30:24:00
308,Titans,2018,N,19.4,310,938,4998,5.3,289,82,205,40,25,47,53.2,82,727,30:47:00,30:47,-1,303,1001,5334,5.3,298,75,205,36.6,21,47,44.7,120,984,31:51:00
309,Titans,2019,Y,25.1,402,949,5805,6.1,317,70,185,37.8,34,45,75.6,99,932,29:31:00,29:31,6,331,1056,5752,5.4,335,74,204,36.3,32,47,68.1,125,1025,31:29:00
310,Titans,2020,Y,30.7,491,1031,6343,6.2,381,84,182,46.2,48,64,75,86,783,29:43:00,29:43,11,439,1076,6372,5.9,391,111,214,51.9,45,65,69.2,103,840,32:48:00
311,Vikings,2011,N,21.2,340,1007,5275,5.2,297,83,216,38.4,30,53,56.6,109,908,29:43:00,29:43,-3,449,1027,5731,5.6,332,92,208,44.2,29,56,51.8,97,834,31:25:00
312,Vikings,2012,Y,23.7,379,1001,5385,5.4,306,78,210,37.1,28,52,53.8,90,830,29:44:00,29:44,-1,348,1083,5600,5.2,345,95,230,41.3,31,51,60.8,111,949,32:34:00
313,Vikings,2013,N,24.4,391,1013,5508,5.4,309,78,214,36.4,25,48,52.1,70,695,28:28:00,28:28,-12,480,1132,6365,5.6,368,102,231,44.2,39,63,61.9,100,1003,33:18:00
314,Vikings,2014,N,20.3,325,980,5039,5.1,288,82,210,39,21,39,53.8,100,836,29:52:00,29:52,-1,343,1026,5515,5.4,321,90,217,41.5,26,48,54.2,112,938,31:26:00
315,Vikings,2015,Y,22.8,365,973,5139,5.3,297,76,199,38.2,22,44,50,88,797,31:34:00,31:34,5,302,1015,5507,5.4,318,71,206,34.5,19,43,44.2,109,875,30:48:00
316,Vikings,2016,N,20.4,327,1006,5041,5,303,81,213,38,23,50,46,103,882,31:36:00,31:36,11,307,993,5038,5.1,304,80,206,38.8,24,44,54.5,99,825,30:49:00
317,Vikings,2017,Y,23.9,382,1055,5710,5.4,334,94,216,43.5,33,57,57.9,100,949,32:26:00,32:26,5,252,956,4415,4.6,260,51,202,25.2,16,40,40,105,928,28:34:00
318,Vikings,2018,N,22.5,360,1003,5529,5.5,310,73,204,35.8,27,50,54,92,779,30:34:00,30:34,0,341,993,4955,5,303,58,190,30.5,22,49,44.9,106,834,31:03:00
319,Vikings,2019,Y,25.4,407,970,5656,5.8,314,83,194,42.8,34,56,60.7,96,895,29:50:00,29:50,11,303,1053,5465,5.2,324,85,214,39.7,21,48,43.8,83,713,31:10:00
320,Vikings,2020,N,26.9,430,1023,6292,6.2,383,74,181,40.9,42,59,71.2,82,650,30:02:00,30:02,-1,475,1036,6292,6.1,366,73,185,39.5,34,58,58.6,83,723,30:21:00
